{"cameraMode":{"drawMode":0,"name":"Shaded","section":"Shading Mode"},"sceneLighting":false,"audioPlay":false,"sceneViewState":{"m_AlwaysRefresh":false,"showFog":true,"showSkybox":false,"showFlares":true,"showImageEffects":true,"showParticleSystems":true,"showVisualEffectGraphs":true,"m_FxEnabled":true},"in2DMode":false,"pivot":{"x":1.3000819683074952,"y":3.6366617679595949,"z":11.950200080871582},"rotation":{"x":-0.23450610041618348,"y":0.5985381007194519,"z":-0.18909643590450288,"w":-0.7422946691513062},"size":1.9835153818130494,"orthographic":false}