{"cameraMode":{"drawMode":0,"name":"Shaded","section":"Shading Mode"},"sceneLighting":false,"audioPlay":false,"sceneViewState":{"m_AlwaysRefresh":false,"showFog":true,"showSkybox":false,"showFlares":true,"showImageEffects":true,"showParticleSystems":true,"showVisualEffectGraphs":true,"m_FxEnabled":true},"in2DMode":false,"pivot":{"x":0.8694000244140625,"y":4.770201683044434,"z":56.04152297973633},"rotation":{"x":0.05053558200597763,"y":0.7407093644142151,"z":0.05612989515066147,"w":-0.6676648259162903},"size":0.06579947471618653,"orthographic":false}